model,response,user_choice,answer
Llama-3.2-3B-Instruct-Turbo,"1번: (선택지 3번에 대한 답변) + ""(지문 속 근거가 된 문장)""
칸트에 따르면 자기의식은 인식을 가능하게 하는 조건이다. ""자기의식은 인식이 이루어지는 것을 가능하게 하는 조건 중 하나에 불과하다고 본다.""(지문)

2번: (선택지 2번에 대한 답변) + ""(지문 속 근거가 된 문장)""
思考의 구성은 시간의 흐름을 따르는데, 이러한 구성은 통시적으로 동일한 인격을 반드시 필요로 한다는 것이다. ""思考의 구성은 시간의 흐름을 따르는데, 이러한 구성은 통시적으로 동일한 인격을 반드시 필요로 한다는 것이다.""(지문)

3번: (선택지 3번에 대한 답변) + ""(지문 속 근거가 된 문장)""
자기의식도 마찬가지로 경험에 의존하기에, 자기의식이 인식을 가능하게 하는 조건이라는 칸트의 견해는 잘못이라는 것이다. ""자기의식도 마찬가지로 경험에 의존하기에, 자기의식이 인식을 가능하게 하는 조건이라는 칸트의 견해는 잘못이라는 것이다.""(지문)

4번: (선택지 4번에 대한 답변) + ""(지문 속 근거가 된 문장)""
의식을 매개로 대상이 경험된다는 것은 과학적 사실이다. ""의식을 매개로 대상이 경험된다는 것은 과학적 사실이다.""(지문)

5번: (선택지 5번에 대한 답변) + ""(지문 속 근거가 된 문장)""
 살아 있다는 것은 시공간적 세계 안에서의 선택에 필수적이다. ""인격의 동일성의 기준은 각자가 자신의 것이라고 통시적으로 인식하는 신체라고 롱게네스는 주장한다.""(지문)

최종 정답: 3",3,"1번: (선택지 3번에 대한 답변) + ""(지문 속 근거가 된 문장)""
칸트에 따르면 자기의식은 인식을 가능하게 하는 조건이다. ""자기의식은 인식이 이루어지는 것을 가능하게 하는 조건 중 하나에 불과하다고 본다.""(지문)

2번: (선택지 2번에 대한 답변) + ""(지문 속 근거가 된 문장)""
思考의 구성은 시간의 흐름을 따르는데, 이러한 구성은 통시적으로 동일한 인격을 반드시 필요로 한다는 것이다. ""思考의 구성은 시간의 흐름을 따르는데, 이러한 구성은 통시적으로 동일한 인격을 반드시 필요로 한다는 것이다.""(지문)

3번: (선택지 3번에 대한 답변) + ""(지문 속 근거가 된 문장)""
자기의식도 마찬가지로 경험에 의존하기에, 자기의식이 인식을 가능하게 하는 조건이라는 칸트의 견해는 잘못이라는 것이다. ""자기의식도 마찬가지로 경험에 의존하기에, 자기의식이 인식을 가능하게 하는 조건이라는 칸트의 견해는 잘못이라는 것이다.""(지문)

4번: (선택지 4번에 대한 답변) + ""(지문 속 근거가 된 문장)""
의식을 매개로 대상이 경험된다는 것은 과학적 사실이다. ""의식을 매개로 대상이 경험된다는 것은 과학적 사실이다.""(지문)

5번: (선택지 5번에 대한 답변) + ""(지문 속 근거가 된 문장)""
 살아 있다는 것은 시공간적 세계 안에서의 선택에 필수적이다. ""인격의 동일성의 기준은 각자가 자신의 것이라고 통시적으로 인식하는 신체라고 롱게네스는 주장한다.""(지문)

최종 정답: 3"
