qid,prompts,generation_gt,generated_text
2026_11_KICE_1-3_0,"국어 시험 문제를 푸는 대한민국의 똑똑한 고3 수험생으로서 위의 요약을 바탕으로 다음 문제의 답을 구하세요.
지문을 읽고, 질문에 대한 답을 1부터 5까지의 선택지 중에 한 개만 골라서 대답해야 합니다.

지문 :
다음 글을 읽고 물음에 답하시오.
글을 읽고 그 의미를 이해하는 독해에는 글의 유형이나 독서 
흥미 등의 다양한 요소가 영향을 미칠 수 있다. 이를 고려하여 
독해 능력을 복잡한 과정으로 설명한 연구가 많다. 하지만 
고프와 동료 연구자들이 제시한 [단순 관점](사각형)은 독해 능력을 
‘해독’과 ‘언어 이해’로 단순화하여 설명한다. 해독은 개별 단어를 
인식하는 능력으로, 단어를 빠르고 정확히 소리 내어 읽기, 
단어를 한눈에 식별하기 등을 포함한다. 언어 이해는 말로 
듣거나 글로 읽은 내용의 의미를 파악하는 능력으로, 중심 내용 
파악하기, 추론하기 등을 포함한다.
단순 관점에 따르면 해독 발달에는 글자와 글자 소리에 대한 
학습이 필수적이므로 글 읽기 경험과 말소리 듣기 경험이 모두 
필요하다. 한편, 단어 인식을 못해 글을 읽을 수 없어도 그 내용을 
말로 들려주었을 때 중심 내용 파악하기 등을 할 수 있다면, 
해독 발달 전에도 구어 의사소통 경험을 통해 언어 이해가 발달된 
것으로 본다. 또한 해독이 발달되면 글 읽기 경험을 통해서도 
언어 이해가 발달될 수 있으므로 해독 발달 후에는 독서 경험이 
독해 능력 발달에 주요한 기여를 한다고 본다.
이를 바탕으로 단순 관점은 독자 유형을 다음의 네 가지로 
구분한다. 해독과 언어 이해가 모두 충분한 독자, 해독과 언어 
이해가 모두 부족한 독자, 언어 이해는 충분하지만 해독은 
부족한 독자, 해독은 충분하지만 언어 이해는 부족한 독자이다. 
단순 관점에 따르면 해독과 언어 이해 중 어느 하나라도 부족한 
독자는 독해에 어려움을 겪으며, 능숙한 독해 수준에 도달하기도 
힘들다. 가령, 단어 인식은 잘하지만 글의 중심 내용은 파악
하지 못하는 학생은, 해독은 충분하지만 언어 이해가 부족한 
독자 유형에 해당하며 능숙한 독해 수준에 도달하지 못했다고 
할 수 있다.
단순 관점은 글자를 단어로 인식하고 글의 내용을 파악하여 
그 의미를 이해하기까지 독자의 머릿속에서 일어나는 작용이 
어떤 과정을 거치는지 설명하지는 않는다. 그러나 독해 능력에 
해독과 언어 이해가 미치는 영향을 규명함으로써 독해 능력 
연구의 이론적 토대를 제공했다는 의의가 있다.

질문 :
질문 :
윗글의 내용과 일치하지 않는 것은?
    
선택지 :
1번 - 단순 관점에 따르면 추론하기는 언어 이해에 해당한다.
2번 - 단순 관점은 해독의 발달과 언어 이해의 발달을 모두 고려하여 독자 유형을 나눈다.
3번 - 단순 관점에 따르면 독해 능력이 발달되기 위해서는 말소리 듣기 경험에 앞서 독서 경험이 필요하다.
4번 - 단순 관점은 해독과 언어 이해가 독해 능력에 끼치는 영향을 밝혀 독해 능력 연구의 기반을 마련하였다.
5번 - 단순 관점과 달리, 독해에 영향을 주는 여러 요소를 고려하여 독해 능력을 복잡한 과정으로 설명한 연구들이 있다.


문제를 풀이할 때, 반드시 지문을 참고하세요. 문제는 무조건 1개의 정답만 있습니다. 문제를 풀이할 때 모든 선택지들을 검토하세요.
먼저 문제를 이해하고, 문제 해결을 위하여 계획을 세워보세요.
그 다음, 문제를 해결하기 위해 그 계획에 따라 단계별로 실행하세요.

다음의 형식을 따라 답변하세요.
1번: (선택지 1번에 대한 답변) + ""(지문 속 근거가 된 문장)""
2번: (선택지 2번에 대한 답변) + ""(지문 속 근거가 된 문장)""
3번: (선택지 3번에 대한 답변) + ""(지문 속 근거가 된 문장)""
4번: (선택지 4번에 대한 답변) + ""(지문 속 근거가 된 문장)""
5번: (선택지 5번에 대한 답변) + ""(지문 속 근거가 된 문장)""
최종 정답: (최종 정답)

정답 :
",['3(2)'],"1번: 일치한다 + ""(언어 이해는 말로 듣거나 글로 읽은 내용의 의미를 파악하는 능력으로, 중심 내용 파악하기, 추론하기 등을 포함한다.)""
2번: 일치한다 + ""(이를 바탕으로 단순 관점은 독자 유형을 다음의 네 가지로 구분한다. 해독과 언어 이해가 모두 충분한 독자, 해독과 언어 이해가 모두 부족한 독자, 언어 이해는 충분하지만 해독은 부족한 독자, 해독은 충분하지만 언어 이해는 부족한 독자이다.)""
3번: 일치하지 않는다 + ""(단순 관점에 따르면 해독 발달에는 글자와 글자 소리에 대한 학습이 필수적이므로 글 읽기 경험과 말소리 듣기 경험이 모두 필요하다.)""
4번: 일치한다 + ""(그러나 독해 능력에 해독과 언어 이해가 미치는 영향을 규명함으로써 독해 능력 연구의 이론적 토대를 제공했다는 의의가 있다.)""
5번: 일치한다 + ""(이를 고려하여 독해 능력을 복잡한 과정으로 설명한 연구가 많다. 하지만 고프와 동료 연구자들이 제시한 [단순 관점](사각형)은 독해 능력을 ‘해독’과 ‘언어 이해’로 단순화하여 설명한다.)""
최종 정답: 3번"
2026_11_KICE_1-3_1,"국어 시험 문제를 푸는 대한민국의 똑똑한 고3 수험생으로서 위의 요약을 바탕으로 다음 문제의 답을 구하세요.
지문을 읽고, 질문에 대한 답을 1부터 5까지의 선택지 중에 한 개만 골라서 대답해야 합니다.

지문 :
다음 글을 읽고 물음에 답하시오.
글을 읽고 그 의미를 이해하는 독해에는 글의 유형이나 독서 
흥미 등의 다양한 요소가 영향을 미칠 수 있다. 이를 고려하여 
독해 능력을 복잡한 과정으로 설명한 연구가 많다. 하지만 
고프와 동료 연구자들이 제시한 [단순 관점](사각형)은 독해 능력을 
‘해독’과 ‘언어 이해’로 단순화하여 설명한다. 해독은 개별 단어를 
인식하는 능력으로, 단어를 빠르고 정확히 소리 내어 읽기, 
단어를 한눈에 식별하기 등을 포함한다. 언어 이해는 말로 
듣거나 글로 읽은 내용의 의미를 파악하는 능력으로, 중심 내용 
파악하기, 추론하기 등을 포함한다.
단순 관점에 따르면 해독 발달에는 글자와 글자 소리에 대한 
학습이 필수적이므로 글 읽기 경험과 말소리 듣기 경험이 모두 
필요하다. 한편, 단어 인식을 못해 글을 읽을 수 없어도 그 내용을 
말로 들려주었을 때 중심 내용 파악하기 등을 할 수 있다면, 
해독 발달 전에도 구어 의사소통 경험을 통해 언어 이해가 발달된 
것으로 본다. 또한 해독이 발달되면 글 읽기 경험을 통해서도 
언어 이해가 발달될 수 있으므로 해독 발달 후에는 독서 경험이 
독해 능력 발달에 주요한 기여를 한다고 본다.
이를 바탕으로 단순 관점은 독자 유형을 다음의 네 가지로 
구분한다. 해독과 언어 이해가 모두 충분한 독자, 해독과 언어 
이해가 모두 부족한 독자, 언어 이해는 충분하지만 해독은 
부족한 독자, 해독은 충분하지만 언어 이해는 부족한 독자이다. 
단순 관점에 따르면 해독과 언어 이해 중 어느 하나라도 부족한 
독자는 독해에 어려움을 겪으며, 능숙한 독해 수준에 도달하기도 
힘들다. 가령, 단어 인식은 잘하지만 글의 중심 내용은 파악
하지 못하는 학생은, 해독은 충분하지만 언어 이해가 부족한 
독자 유형에 해당하며 능숙한 독해 수준에 도달하지 못했다고 
할 수 있다.
단순 관점은 글자를 단어로 인식하고 글의 내용을 파악하여 
그 의미를 이해하기까지 독자의 머릿속에서 일어나는 작용이 
어떤 과정을 거치는지 설명하지는 않는다. 그러나 독해 능력에 
해독과 언어 이해가 미치는 영향을 규명함으로써 독해 능력 
연구의 이론적 토대를 제공했다는 의의가 있다.

질문 :
질문 :
단순 관점에 대한 비판으로 가장 적절한 것은?
    
선택지 :
1번 - 해독이 부족하여 글의 내용을 잘 이해하지 못하는 경우를 다루지 않았다.
2번 - 독해에서 어려움이 나타날 수 있음을 고려하지 않아 독해를 지나치게 단순화하였다.
3번 - 독해 능력 발달에 있어 해독의 영향이 더 크다고 보아 언어 이해의 중요성을 고려하지 않았다.
4번 - 해독 발달을 글을 통한 시각적 경험으로만 설명하여 청각적 경험의 필요성을 증명하지 못하였다.
5번 - 해독과 언어 이해를 바탕으로 글의 의미를 이해하기까지의 사고 과정이 어떻게 이루어지는지 밝히지 않았다.


문제를 풀이할 때, 반드시 지문을 참고하세요. 문제는 무조건 1개의 정답만 있습니다. 문제를 풀이할 때 모든 선택지들을 검토하세요.
먼저 문제를 이해하고, 문제 해결을 위하여 계획을 세워보세요.
그 다음, 문제를 해결하기 위해 그 계획에 따라 단계별로 실행하세요.

다음의 형식을 따라 답변하세요.
1번: (선택지 1번에 대한 답변) + ""(지문 속 근거가 된 문장)""
2번: (선택지 2번에 대한 답변) + ""(지문 속 근거가 된 문장)""
3번: (선택지 3번에 대한 답변) + ""(지문 속 근거가 된 문장)""
4번: (선택지 4번에 대한 답변) + ""(지문 속 근거가 된 문장)""
5번: (선택지 5번에 대한 답변) + ""(지문 속 근거가 된 문장)""
최종 정답: (최종 정답)

정답 :
",['5(2)'],"1번: 이 선택지는 단순 관점에 대한 비판으로 적절하지 않다. 지문에서 해독이 부족한 경우를 독자 유형으로 구분하여 다루고 있기 때문이다. + ""(언어 이해는 충분하지만 해독은 부족한 독자)""
2번: 이 선택지는 단순 관점에 대한 비판으로 적절하지 않다. 지문에서 해독이나 언어 이해 중 하나라도 부족하면 독해에 어려움을 겪는다고 명시적으로 고려하고 있기 때문이다. + ""(해독과 언어 이해 중 어느 하나라도 부족한 독자는 독해에 어려움을 겪으며, 능숙한 독해 수준에 도달하기도 힘들다.)""
3번: 이 선택지는 단순 관점에 대한 비판으로 적절하지 않다. 지문에서 해독과 언어 이해를 동등하게 독해 능력의 두 요소로 설명하며, 둘 다 중요하다고 보기 때문이다. + ""(고프와 동료 연구자들이 제시한 [단순 관점](사각형)은 독해 능력을 ‘해독’과 ‘언어 이해’로 단순화하여 설명한다.)""
4번: 이 선택지는 단순 관점에 대한 비판으로 적절하지 않다. 지문에서 해독 발달에 글 읽기 경험과 말소리 듣기 경험(청각적 경험) 모두 필요하다고 설명하고 있기 때문이다. + ""(해독 발달에는 글자와 글자 소리에 대한 학습이 필수적이므로 글 읽기 경험과 말소리 듣기 경험이 모두 필요하다.)""
5번: 이 선택지는 단순 관점에 대한 비판으로 가장 적절하다. 지문에서 단순 관점이 독자의 머릿속 사고 과정을 설명하지 않는다고 지적하고 있기 때문이다. + ""(단순 관점은 글자를 단어로 인식하고 글의 내용을 파악하여 그 의미를 이해하기까지 독자의 머릿속에서 일어나는 작용이 어떤 과정을 거치는지 설명하지는 않는다.)""
최종 정답: 5번"
2026_11_KICE_1-3_2,"국어 시험 문제를 푸는 대한민국의 똑똑한 고3 수험생으로서 위의 요약을 바탕으로 다음 문제의 답을 구하세요.
지문을 읽고, 질문에 대한 답을 1부터 5까지의 선택지 중에 한 개만 골라서 대답해야 합니다.

지문 :
다음 글을 읽고 물음에 답하시오.
글을 읽고 그 의미를 이해하는 독해에는 글의 유형이나 독서 
흥미 등의 다양한 요소가 영향을 미칠 수 있다. 이를 고려하여 
독해 능력을 복잡한 과정으로 설명한 연구가 많다. 하지만 
고프와 동료 연구자들이 제시한 [단순 관점](사각형)은 독해 능력을 
‘해독’과 ‘언어 이해’로 단순화하여 설명한다. 해독은 개별 단어를 
인식하는 능력으로, 단어를 빠르고 정확히 소리 내어 읽기, 
단어를 한눈에 식별하기 등을 포함한다. 언어 이해는 말로 
듣거나 글로 읽은 내용의 의미를 파악하는 능력으로, 중심 내용 
파악하기, 추론하기 등을 포함한다.
단순 관점에 따르면 해독 발달에는 글자와 글자 소리에 대한 
학습이 필수적이므로 글 읽기 경험과 말소리 듣기 경험이 모두 
필요하다. 한편, 단어 인식을 못해 글을 읽을 수 없어도 그 내용을 
말로 들려주었을 때 중심 내용 파악하기 등을 할 수 있다면, 
해독 발달 전에도 구어 의사소통 경험을 통해 언어 이해가 발달된 
것으로 본다. 또한 해독이 발달되면 글 읽기 경험을 통해서도 
언어 이해가 발달될 수 있으므로 해독 발달 후에는 독서 경험이 
독해 능력 발달에 주요한 기여를 한다고 본다.
이를 바탕으로 단순 관점은 독자 유형을 다음의 네 가지로 
구분한다. 해독과 언어 이해가 모두 충분한 독자, 해독과 언어 
이해가 모두 부족한 독자, 언어 이해는 충분하지만 해독은 
부족한 독자, 해독은 충분하지만 언어 이해는 부족한 독자이다. 
단순 관점에 따르면 해독과 언어 이해 중 어느 하나라도 부족한 
독자는 독해에 어려움을 겪으며, 능숙한 독해 수준에 도달하기도 
힘들다. 가령, 단어 인식은 잘하지만 글의 중심 내용은 파악
하지 못하는 학생은, 해독은 충분하지만 언어 이해가 부족한 
독자 유형에 해당하며 능숙한 독해 수준에 도달하지 못했다고 
할 수 있다.
단순 관점은 글자를 단어로 인식하고 글의 내용을 파악하여 
그 의미를 이해하기까지 독자의 머릿속에서 일어나는 작용이 
어떤 과정을 거치는지 설명하지는 않는다. 그러나 독해 능력에 
해독과 언어 이해가 미치는 영향을 규명함으로써 독해 능력 
연구의 이론적 토대를 제공했다는 의의가 있다.

질문 :
질문 :
윗글을 바탕으로 <보기>를 이해한 내용으로 적절하지 않은 것은?
    
선택지 :
1번 - 갑은 학생 A가 해독은 발달되었지만, 중심 내용을 파악하지 못한 점에서 언어 이해가 부족하다고 생각하겠군.
2번 - 갑은 학생 A가 글자와 글자 소리에 대한 학습을 통해 개별 단어를 인식하는 능력이 발달되었다고 생각하겠군.
3번 - 갑은 학생 A의 언어 이해가 구어 의사소통 경험뿐 아니라 글 읽기 경험을 통해서도 발달될 수 있다고 생각하겠군.
4번 - 갑은 학생 B가 단어를 올바르게 발음하지는 못하지만, 글 읽기 경험을 통해 중심 내용은 파악할 수 있게 되었다고 생각하겠군.
5번 - 갑은 학생 B가 단어를 한눈에 식별하지는 못하지만 말로 들은 활동 자료의 중심 내용을 파악할 수 있었던 것은, 해독 발달 전에 언어 이해가 발달되었기 때문이라고 생각하겠군.

<보기>
단순 관점을 지지하는 연구자 갑은 학생 A, B의 독해 능력을 
분석하기 위한 활동을 진행하였다. 활동은 학생 A, B와 같은 
연령대의 학생들이 수행하기에 무리가 없는 수준의 자료로 
진행되었다. 아래는 학생 A, B가 수행한 활동의 결과이다.
◦소리 내어 단어 읽기: 학생 A는 활동 자료에 있는 단어를 
빠르고 정확하게 소리 내어 읽었고 한눈에 잘 식별하였다. 
학생 B는 활동 자료에 있는 단어를 올바르게 발음하지 
못하였고 한눈에 식별하지 못하였다.
◦중심 내용 파악하기: 학생 A는 활동 자료를 글로 읽을 
때와 말로 들을 때 모두 중심 내용을 파악하지 못하였다. 
학생 B는 활동 자료를 글로 읽을 때는 중심 내용을 파악
하지 못했지만 말로 들을 때는 중심 내용을 파악하였다.


문제를 풀이할 때, 반드시 지문을 참고하세요. 문제는 무조건 1개의 정답만 있습니다. 문제를 풀이할 때 모든 선택지들을 검토하세요.
먼저 문제를 이해하고, 문제 해결을 위하여 계획을 세워보세요.
그 다음, 문제를 해결하기 위해 그 계획에 따라 단계별로 실행하세요.

다음의 형식을 따라 답변하세요.
1번: (선택지 1번에 대한 답변) + ""(지문 속 근거가 된 문장)""
2번: (선택지 2번에 대한 답변) + ""(지문 속 근거가 된 문장)""
3번: (선택지 3번에 대한 답변) + ""(지문 속 근거가 된 문장)""
4번: (선택지 4번에 대한 답변) + ""(지문 속 근거가 된 문장)""
5번: (선택지 5번에 대한 답변) + ""(지문 속 근거가 된 문장)""
최종 정답: (최종 정답)

정답 :
",['4(3)'],"1번: 적절하다 + ""(가령, 단어 인식은 잘하지만 글의 중심 내용은 파악하지 못하는 학생은, 해독은 충분하지만 언어 이해가 부족한 독자 유형에 해당하며 능숙한 독해 수준에 도달하지 못했다고 할 수 있다.)""
2번: 적절하다 + ""(해독 발달에는 글자와 글자 소리에 대한 학습이 필수적이므로 글 읽기 경험과 말소리 듣기 경험이 모두 필요하다.)""
3번: 적절하다 + ""(또한 해독이 발달되면 글 읽기 경험을 통해서도 언어 이해가 발달될 수 있으므로 해독 발달 후에는 독서 경험이 독해 능력 발달에 주요한 기여를 한다고 본다.)""
4번: 적절하지 않다 + ""(학생 B는 활동 자료를 글로 읽을 때는 중심 내용을 파악하지 못했지만 말로 들을 때는 중심 내용을 파악하였다.)""
5번: 적절하다 + ""(한편, 단어 인식을 못해 글을 읽을 수 없어도 그 내용을 말로 들려주었을 때 중심 내용 파악하기 등을 할 수 있다면, 해독 발달 전에도 구어 의사소통 경험을 통해 언어 이해가 발달된 것으로 본다.)""
최종 정답: 4번"
